product_id,product_name,category,stock_quantity,holding_cost,lead_time_days,reorder_point,economic_order_quantity
1001,Product_1,Snacks,509,3.95,3,39,346
1002,Product_2,Beverages,405,2.77,2,66,659
1003,Product_3,Hygiene,373,2.94,3,153,795
1004,Product_4,Beverages,182,2.81,6,246,729
1005,Product_5,Beverages,937,3.15,9,243,559
1006,Product_6,Dairy,854,0.63,9,153,992
1007,Product_7,Hygiene,889,2.28,7,252,759
1008,Product_8,Hygiene,176,3.23,3,150,751
1009,Product_9,Hygiene,155,3.19,4,224,800
1010,Product_10,Beverages,653,4.07,6,306,676
1011,Product_11,Snacks,848,3.45,5,260,741
1012,Product_12,Hygiene,427,4.96,2,54,445
1013,Product_13,Beverages,954,1.78,6,294,1002
1014,Product_14,Dairy,100,2.12,3,63,601
1015,Product_15,Snacks,78,2.23,8,472,982
1016,Product_16,Dairy,511,2.6,2,88,785
1017,Product_17,Snacks,345,4.26,1,25,462
1018,Product_18,Beverages,346,1.56,9,54,374
1019,Product_19,Food,775,3.99,3,123,612
1020,Product_20,Snacks,828,2.32,1,10,396
1021,Product_21,Dairy,456,3.21,7,336,738
1022,Product_22,Beverages,818,3.35,5,110,489
1023,Product_23,Snacks,863,2.18,5,170,754
1024,Product_24,Food,662,2.81,1,26,581
1025,Product_25,Food,454,2.36,9,522,947
1026,Product_26,Hygiene,395,0.81,7,259,1291
1027,Product_27,Hygiene,671,2.47,8,272,708
1028,Product_28,Dairy,469,0.94,9,189,903
1029,Product_29,Snacks,231,2.32,6,282,859
1030,Product_30,Snacks,874,3.17,5,180,643
1031,Product_31,Hygiene,50,3.11,6,276,734
1032,Product_32,Snacks,880,3.48,2,110,759
1033,Product_33,Snacks,999,0.93,4,72,840
1034,Product_34,Food,616,3.43,3,42,385
1035,Product_35,Hygiene,420,1.9,7,357,989
1036,Product_36,Beverages,985,2.3,9,495,934
1037,Product_37,Hygiene,960,4.36,5,200,578
1038,Product_38,Beverages,710,0.54,6,228,1602
1039,Product_39,Food,480,3.15,2,26,388
1040,Product_40,Dairy,358,3.19,3,138,725
1041,Product_41,Snacks,186,2.28,3,96,715
1042,Product_42,Food,251,1.57,9,135,590
1043,Product_43,Snacks,485,1.56,7,126,648
1044,Product_44,Dairy,362,4.48,8,344,591
1045,Product_45,Dairy,166,2.49,9,531,929
1046,Product_46,Food,715,1.99,6,306,967
1047,Product_47,Dairy,986,2.52,4,232,916
1048,Product_48,Beverages,852,3.51,1,23,489
1049,Product_49,Dairy,624,1.16,8,464,1350
1050,Product_50,Snacks,293,2.52,7,133,524
1051,Product_51,Snacks,586,3.15,2,64,608
1052,Product_52,Snacks,651,4.77,8,224,462
1053,Product_53,Snacks,124,1.64,5,60,516
1054,Product_54,Beverages,855,2.12,7,329,899
1055,Product_55,Hygiene,435,2.21,4,52,463
1056,Product_56,Food,952,3.22,5,255,760
1057,Product_57,Snacks,259,2.11,8,296,800
1058,Product_58,Dairy,524,2.9,1,37,682
1059,Product_59,Snacks,467,4.02,1,23,456
1060,Product_60,Dairy,396,3.67,4,28,263
1061,Product_61,Dairy,578,2.51,3,42,451
1062,Product_62,Snacks,689,4.39,2,88,604
1063,Product_63,Beverages,988,3.01,3,153,786
1064,Product_64,Dairy,925,2.93,1,46,756
1065,Product_65,Dairy,812,0.65,1,5,529
1066,Product_66,Snacks,228,4.94,6,198,493
1067,Product_67,Dairy,231,1.05,5,270,1370
1068,Product_68,Dairy,713,1.54,8,304,949
1069,Product_69,Snacks,74,0.73,2,110,1658
1070,Product_70,Snacks,229,3.38,4,68,428
1071,Product_71,Food,759,1.51,8,464,1184
1072,Product_72,Beverages,550,1.31,6,30,373
1073,Product_73,Beverages,905,0.9,1,38,1241
1074,Product_74,Dairy,210,0.96,4,132,1120
1075,Product_75,Beverages,226,3.13,1,52,778
1076,Product_76,Dairy,334,3.6,2,102,719
1077,Product_77,Food,112,2.29,5,85,520
1078,Product_78,Snacks,711,2.66,8,416,844
1079,Product_79,Snacks,715,3.59,8,424,734
1080,Product_80,Snacks,205,0.58,3,171,1893
1081,Product_81,Beverages,931,1.95,4,132,785
1082,Product_82,Food,518,4.88,6,258,567
1083,Product_83,Beverages,98,3.11,3,84,573
1084,Product_84,Beverages,898,1.64,2,60,817
1085,Product_85,Food,133,2.85,6,126,518
1086,Product_86,Food,410,2.04,5,55,443
1087,Product_87,Food,738,2.9,5,85,462
1088,Product_88,Food,197,1.07,5,45,554
1089,Product_89,Snacks,679,1.1,5,150,997
1090,Product_90,Hygiene,391,1.15,3,159,1296
1091,Product_91,Hygiene,525,4.73,7,49,232
1092,Product_92,Food,112,3.8,6,66,325
1093,Product_93,Hygiene,750,1.23,4,212,1254
1094,Product_94,Hygiene,409,1.35,2,86,1078
1095,Product_95,Food,610,3.79,9,513,740
1096,Product_96,Hygiene,376,1.2,1,5,389
1097,Product_97,Beverages,818,1.56,4,212,1113
1098,Product_98,Dairy,785,4.84,1,21,397
1099,Product_99,Dairy,190,1.65,6,282,1019
1100,Product_100,Food,264,3.48,4,116,551
1101,Product_101,Snacks,484,4.9,5,35,228
1102,Product_102,Food,940,2.18,5,95,564
1103,Product_103,Snacks,772,0.58,9,297,1441
1104,Product_104,Dairy,367,1.6,1,57,1140
1105,Product_105,Food,81,4.24,2,94,636
1106,Product_106,Beverages,719,4.39,6,216,547
1107,Product_107,Hygiene,334,3.96,5,150,525
1108,Product_108,Snacks,354,1.01,7,140,850
1109,Product_109,Hygiene,478,4.08,3,87,509
1110,Product_110,Hygiene,526,4.63,3,174,676
1111,Product_111,Food,335,3.2,2,64,604
1112,Product_112,Hygiene,193,4.73,3,39,316
1113,Product_113,Beverages,473,4.22,1,5,207
1114,Product_114,Hygiene,68,3.5,5,165,586
1115,Product_115,Food,67,3.1,5,130,553
1116,Product_116,Beverages,818,2.07,7,140,593
1117,Product_117,Dairy,639,1.22,4,180,1160
1118,Product_118,Hygiene,420,3.22,3,165,789
1119,Product_119,Food,224,1.93,1,48,952
1120,Product_120,Dairy,243,4.4,8,440,675
1121,Product_121,Dairy,551,4.97,3,174,652
1122,Product_122,Snacks,162,3.89,2,90,649
1123,Product_123,Beverages,163,0.91,4,44,664
1124,Product_124,Hygiene,271,1.8,3,54,604
1125,Product_125,Food,727,0.99,1,33,1103
1126,Product_126,Snacks,996,3.43,3,69,494
1127,Product_127,Beverages,880,3.94,2,46,461
1128,Product_128,Snacks,693,4.67,8,48,216
1129,Product_129,Beverages,946,2.47,6,270,815
1130,Product_130,Beverages,313,4.56,9,441,626
1131,Product_131,Hygiene,974,4.45,8,152,394
1132,Product_132,Beverages,104,1.93,3,21,363
1133,Product_133,Snacks,920,4.41,5,75,352
1134,Product_134,Beverages,692,2.19,7,399,974
1135,Product_135,Hygiene,849,1.84,5,250,995
1136,Product_136,Hygiene,827,3.42,8,272,602
1137,Product_137,Snacks,507,1.98,5,220,900
1138,Product_138,Dairy,927,3.34,1,22,490
1139,Product_139,Dairy,211,3.24,5,275,787
1140,Product_140,Beverages,429,3.04,4,208,790
1141,Product_141,Food,136,2.21,6,36,314
1142,Product_142,Beverages,104,2.97,3,108,665
1143,Product_143,Snacks,525,3.18,5,60,371
1144,Product_144,Snacks,849,2.96,2,52,566
1145,Product_145,Snacks,227,2.5,6,60,382
1146,Product_146,Snacks,440,0.57,6,96,1012
1147,Product_147,Snacks,398,3.14,5,255,769
1148,Product_148,Hygiene,57,1.26,6,264,1128
1149,Product_149,Dairy,882,3.39,7,280,656
1150,Product_150,Snacks,362,3.92,5,95,420
1151,Product_151,Food,808,2.75,1,32,651
1152,Product_152,Food,884,2.94,8,448,833
1153,Product_153,Food,492,4.78,4,212,636
1154,Product_154,Food,816,4.31,9,441,644
1155,Product_155,Hygiene,377,4.61,6,132,417
1156,Product_156,Food,103,4.16,1,6,229
1157,Product_157,Snacks,810,0.99,3,51,791
1158,Product_158,Beverages,288,1.17,3,147,1236
1159,Product_159,Food,278,2.87,4,232,858
1160,Product_160,Hygiene,628,1.61,6,114,656
1161,Product_161,Hygiene,100,2.65,7,168,574
1162,Product_162,Food,658,2.27,4,132,728
1163,Product_163,Beverages,653,2.97,6,276,751
1164,Product_164,Food,313,3.86,1,33,558
1165,Product_165,Hygiene,467,3.72,8,56,262
1166,Product_166,Dairy,852,2.85,7,161,542
1167,Product_167,Snacks,145,4.2,9,63,246
1168,Product_168,Hygiene,137,2.44,3,174,931
1169,Product_169,Food,127,4.54,2,36,380
1170,Product_170,Snacks,337,0.82,1,44,1399
1171,Product_171,Food,169,4.8,3,177,669
1172,Product_172,Food,863,3.45,5,40,290
1173,Product_173,Dairy,540,2.21,2,112,961
1174,Product_174,Snacks,961,1.39,3,45,627
1175,Product_175,Snacks,501,2.66,4,140,693
1176,Product_176,Dairy,549,1.38,7,329,1114
1177,Product_177,Hygiene,214,1.25,3,108,1025
1178,Product_178,Food,231,3.28,9,279,587
1179,Product_179,Beverages,518,2.85,8,272,659
1180,Product_180,Food,959,3.52,4,188,698
1181,Product_181,Food,784,4.68,1,6,216
1182,Product_182,Hygiene,872,2.9,1,53,816
1183,Product_183,Food,993,3.11,1,13,390
1184,Product_184,Dairy,56,0.9,1,32,1139
1185,Product_185,Dairy,379,3.73,8,280,585
1186,Product_186,Snacks,824,2.3,3,114,776
1187,Product_187,Beverages,722,4.9,6,114,376
1188,Product_188,Food,200,4.2,3,156,672
1189,Product_189,Food,134,2.85,5,145,609
1190,Product_190,Hygiene,196,1.05,7,280,1179
1191,Product_191,Dairy,673,4.37,2,24,316
1192,Product_192,Beverages,430,4.1,6,78,340
1193,Product_193,Snacks,964,1.33,6,246,1060
1194,Product_194,Dairy,597,1.83,3,156,1018
1195,Product_195,Snacks,334,4.07,6,294,662
1196,Product_196,Hygiene,749,1.33,5,215,1086
1197,Product_197,Hygiene,131,4.63,2,72,532
1198,Product_198,Food,563,2.41,9,504,920
1199,Product_199,Beverages,946,0.89,8,168,928
1200,Product_200,Snacks,864,4.17,3,117,584
1201,Product_201,Dairy,758,2.18,8,328,828
1202,Product_202,Hygiene,965,2.87,9,207,540
1203,Product_203,Food,572,1.01,3,144,1317
1204,Product_204,Food,795,0.51,3,99,1536
1205,Product_205,Snacks,435,3.37,2,22,345
1206,Product_206,Hygiene,756,2.82,8,256,643
1207,Product_207,Beverages,520,3.17,1,13,386
1208,Product_208,Hygiene,168,4.07,8,256,535
1209,Product_209,Snacks,445,3.41,7,70,327
1210,Product_210,Snacks,581,1.29,7,231,966
1211,Product_211,Hygiene,310,2.12,3,63,601
1212,Product_212,Snacks,854,4.58,1,20,399
1213,Product_213,Hygiene,983,3.96,4,108,498
1214,Product_214,Dairy,305,3.0,9,315,652
1215,Product_215,Hygiene,783,1.65,5,35,393
1216,Product_216,Hygiene,954,1.86,1,25,700
1217,Product_217,Snacks,275,3.79,5,150,537
1218,Product_218,Snacks,102,4.33,8,320,580
1219,Product_219,Food,989,3.52,8,368,690
1220,Product_220,Food,916,4.14,5,205,601
1221,Product_221,Dairy,549,3.95,9,513,725
1222,Product_222,Food,555,1.17,1,26,900
1223,Product_223,Hygiene,903,2.41,4,184,834
1224,Product_224,Snacks,413,1.19,3,48,700
1225,Product_225,Food,329,1.56,2,92,1037
1226,Product_226,Food,642,4.41,8,136,375
1227,Product_227,Dairy,763,2.63,7,105,456
1228,Product_228,Dairy,207,2.91,9,522,852
1229,Product_229,Hygiene,681,1.3,2,40,749
1230,Product_230,Snacks,108,1.91,4,48,478
1231,Product_231,Dairy,776,1.54,6,264,1021
1232,Product_232,Food,177,1.43,3,132,1059
1233,Product_233,Snacks,785,3.37,8,392,728
1234,Product_234,Snacks,770,1.66,3,18,363
1235,Product_235,Food,931,3.34,2,68,609
1236,Product_236,Dairy,164,0.76,3,102,1277
1237,Product_237,Food,258,1.14,6,96,715
1238,Product_238,Snacks,575,1.74,2,28,541
1239,Product_239,Beverages,570,3.19,8,384,741
1240,Product_240,Beverages,601,3.54,1,15,393
1241,Product_241,Hygiene,286,2.49,7,133,527
1242,Product_242,Food,330,2.51,2,40,539
1243,Product_243,Food,408,3.76,6,126,451
1244,Product_244,Hygiene,250,0.57,2,60,1386
1245,Product_245,Hygiene,807,2.03,2,12,328
1246,Product_246,Hygiene,327,4.18,8,432,686
1247,Product_247,Snacks,284,3.21,2,32,426
1248,Product_248,Food,543,2.02,7,385,996
1249,Product_249,Snacks,53,4.57,3,90,489
1250,Product_250,Hygiene,715,3.98,8,216,497
1251,Product_251,Food,491,1.69,7,154,689
1252,Product_252,Snacks,78,3.4,8,288,621
1253,Product_253,Snacks,158,3.18,7,371,779
1254,Product_254,Hygiene,659,2.31,6,252,814
1255,Product_255,Food,776,2.15,7,357,930
1256,Product_256,Hygiene,854,2.05,5,35,353
1257,Product_257,Food,124,3.28,7,294,683
1258,Product_258,Beverages,887,2.49,1,7,320
1259,Product_259,Dairy,195,4.24,1,34,541
1260,Product_260,Dairy,177,3.51,9,45,228
1261,Product_261,Dairy,902,0.81,5,170,1237
1262,Product_262,Hygiene,91,3.38,5,245,727
1263,Product_263,Beverages,405,1.72,3,108,874
1264,Product_264,Food,90,3.17,5,160,607
1265,Product_265,Snacks,983,3.56,3,75,506
1266,Product_266,Food,83,1.54,9,450,1088
1267,Product_267,Snacks,66,2.56,9,153,492
1268,Product_268,Food,726,1.36,6,186,912
1269,Product_269,Beverages,202,0.74,1,40,1404
1270,Product_270,Snacks,427,2.2,7,77,427
1271,Product_271,Hygiene,637,2.13,7,182,667
1272,Product_272,Food,648,4.98,4,56,320
1273,Product_273,Food,678,2.51,8,344,790
1274,Product_274,Snacks,923,2.0,6,342,1019
1275,Product_275,Hygiene,391,3.11,4,76,472
1276,Product_276,Hygiene,76,0.9,4,76,877
1277,Product_277,Beverages,874,4.83,2,16,245
1278,Product_278,Hygiene,336,3.36,2,72,625
1279,Product_279,Hygiene,695,3.9,4,108,502
1280,Product_280,Hygiene,780,1.27,5,295,1302
1281,Product_281,Dairy,217,2.34,8,80,394
1282,Product_282,Beverages,659,2.4,6,168,652
1283,Product_283,Food,317,4.2,4,96,456
1284,Product_284,Snacks,798,0.51,7,287,1712
1285,Product_285,Food,870,1.85,8,192,688
1286,Product_286,Beverages,504,4.92,2,32,344
1287,Product_287,Snacks,955,2.64,7,259,715
1288,Product_288,Beverages,734,2.22,2,64,725
1289,Product_289,Hygiene,450,1.04,2,24,648
1290,Product_290,Snacks,971,4.88,8,40,193
1291,Product_291,Hygiene,525,0.59,2,82,1592
1292,Product_292,Food,751,3.82,9,234,498
1293,Product_293,Food,683,3.96,1,10,303
1294,Product_294,Snacks,607,1.6,9,225,755
1295,Product_295,Snacks,625,3.52,1,36,610
1296,Product_296,Beverages,179,0.92,2,78,1243
1297,Product_297,Beverages,871,1.66,6,114,646
1298,Product_298,Hygiene,412,4.05,6,54,284
1299,Product_299,Snacks,754,4.39,1,50,644
1300,Product_300,Food,868,3.24,7,378,779
1301,Product_301,Beverages,742,2.78,8,416,826
1302,Product_302,Beverages,341,1.22,2,20,546
1303,Product_303,Food,420,0.78,8,232,1164
1304,Product_304,Beverages,843,1.03,9,450,1331
1305,Product_305,Hygiene,78,1.52,6,264,1027
1306,Product_306,Snacks,198,2.04,5,165,768
1307,Product_307,Food,828,2.21,9,99,426
1308,Product_308,Snacks,345,2.06,9,396,882
1309,Product_309,Beverages,60,1.58,1,17,626
1310,Product_310,Beverages,561,2.79,3,126,741
1311,Product_311,Food,725,4.21,9,198,436
1312,Product_312,Hygiene,162,1.76,2,12,352
1313,Product_313,Dairy,236,4.74,4,48,303
1314,Product_314,Food,856,4.43,4,60,351
1315,Product_315,Dairy,793,1.23,2,74,1047
1316,Product_316,Dairy,276,4.04,3,174,723
1317,Product_317,Hygiene,359,3.09,3,126,704
1318,Product_318,Dairy,147,3.05,1,52,788
1319,Product_319,Dairy,104,2.26,6,186,707
1320,Product_320,Hygiene,672,2.76,8,192,563
1321,Product_321,Dairy,713,2.29,3,48,504
1322,Product_322,Dairy,807,2.93,5,235,765
1323,Product_323,Dairy,455,3.33,1,35,619
1324,Product_324,Food,118,3.53,7,217,566
1325,Product_325,Food,361,2.9,1,36,673
1326,Product_326,Food,338,3.75,9,126,369
1327,Product_327,Hygiene,811,1.14,8,56,473
1328,Product_328,Beverages,597,1.45,7,343,1110
1329,Product_329,Dairy,800,4.18,7,217,520
1330,Product_330,Dairy,197,1.95,5,195,854
1331,Product_331,Hygiene,516,0.6,5,175,1459
1332,Product_332,Dairy,788,1.19,5,95,763
1333,Product_333,Food,293,1.51,1,20,695
1334,Product_334,Beverages,540,4.81,8,136,359
1335,Product_335,Snacks,898,3.08,1,53,792
1336,Product_336,Dairy,556,4.7,4,156,550
1337,Product_337,Food,414,3.09,9,504,813
1338,Product_338,Snacks,531,2.66,9,135,453
1339,Product_339,Beverages,250,1.91,5,125,691
1340,Product_340,Snacks,203,3.23,4,220,788
1341,Product_341,Food,499,1.13,3,174,1368
1342,Product_342,Snacks,550,4.54,3,45,347
1343,Product_343,Hygiene,122,4.23,5,170,541
1344,Product_344,Snacks,762,1.93,1,52,991
1345,Product_345,Dairy,345,4.79,5,285,659
1346,Product_346,Dairy,66,4.21,6,234,581
1347,Product_347,Hygiene,690,3.5,7,182,520
1348,Product_348,Food,266,1.05,9,378,1208
1349,Product_349,Dairy,110,2.65,3,105,694
1350,Product_350,Beverages,988,2.78,2,36,486
1351,Product_351,Dairy,665,1.55,3,84,812
1352,Product_352,Dairy,91,0.86,9,486,1513
1353,Product_353,Food,74,4.0,7,371,695
1354,Product_354,Snacks,88,1.05,9,324,1118
1355,Product_355,Dairy,852,3.17,2,80,678
1356,Product_356,Hygiene,180,4.71,5,180,528
1357,Product_357,Snacks,547,4.44,4,236,696
1358,Product_358,Beverages,278,1.75,2,38,629
1359,Product_359,Food,157,4.33,9,423,629
1360,Product_360,Beverages,221,0.5,9,351,1687
1361,Product_361,Snacks,484,0.58,6,42,663
1362,Product_362,Snacks,527,3.21,6,120,476
1363,Product_363,Snacks,151,2.14,8,72,391
1364,Product_364,Beverages,915,2.24,6,150,638
1365,Product_365,Snacks,573,3.04,1,14,409
1366,Product_366,Beverages,324,1.36,4,92,785
1367,Product_367,Snacks,662,1.45,7,203,854
1368,Product_368,Hygiene,93,2.68,2,16,330
1369,Product_369,Snacks,866,3.89,9,297,556
1370,Product_370,Beverages,66,3.29,8,184,505
1371,Product_371,Dairy,379,1.84,8,376,965
1372,Product_372,Snacks,618,2.44,7,42,299
1373,Product_373,Dairy,872,1.27,4,56,634
1374,Product_374,Hygiene,546,0.84,2,94,1429
1375,Product_375,Food,864,4.02,3,87,513
1376,Product_376,Hygiene,61,1.69,6,144,719
1377,Product_377,Snacks,367,1.3,5,260,1208
1378,Product_378,Dairy,641,3.61,8,184,482
1379,Product_379,Dairy,265,3.28,6,162,548
1380,Product_380,Beverages,388,3.35,6,168,552
1381,Product_381,Dairy,825,1.53,1,15,598
1382,Product_382,Beverages,710,1.55,4,200,1085
1383,Product_383,Food,130,1.49,5,190,964
1384,Product_384,Snacks,776,1.28,3,177,1297
1385,Product_385,Beverages,534,3.45,9,288,581
1386,Product_386,Food,423,4.32,1,9,275
1387,Product_387,Dairy,759,3.76,6,54,295
1388,Product_388,Dairy,249,4.06,6,330,703
1389,Product_389,Food,586,2.32,5,125,627
1390,Product_390,Dairy,515,3.44,5,80,412
1391,Product_391,Food,138,2.09,5,270,971
1392,Product_392,Beverages,317,2.86,6,48,319
1393,Product_393,Beverages,704,2.67,8,464,890
1394,Product_394,Food,620,1.3,2,106,1219
1395,Product_395,Beverages,971,2.24,6,276,865
1396,Product_396,Beverages,538,4.84,1,24,425
1397,Product_397,Beverages,926,1.62,4,168,972
1398,Product_398,Hygiene,587,1.1,3,87,980
1399,Product_399,Snacks,96,2.38,9,162,525
1400,Product_400,Dairy,337,4.06,3,45,367
1401,Product_401,Hygiene,827,3.12,6,216,648
1402,Product_402,Beverages,65,3.56,1,15,392
1403,Product_403,Food,760,1.35,6,132,771
1404,Product_404,Beverages,450,3.29,4,124,586
1405,Product_405,Snacks,968,1.96,8,472,1048
1406,Product_406,Beverages,843,4.25,9,522,705
1407,Product_407,Food,135,3.33,4,88,491
1408,Product_408,Snacks,299,1.39,6,162,842
1409,Product_409,Beverages,440,0.79,1,15,832
1410,Product_410,Snacks,831,0.69,4,100,1149
1411,Product_411,Dairy,384,2.17,7,336,898
1412,Product_412,Dairy,678,1.7,1,9,439
1413,Product_413,Beverages,568,3.41,8,216,537
1414,Product_414,Snacks,186,2.75,6,270,772
1415,Product_415,Food,932,1.7,5,145,789
1416,Product_416,Beverages,737,1.17,9,405,1184
1417,Product_417,Dairy,889,1.07,2,116,1406
1418,Product_418,Dairy,547,4.39,5,70,341
1419,Product_419,Beverages,876,1.6,6,156,770
1420,Product_420,Snacks,776,3.43,7,161,494
1421,Product_421,Dairy,526,4.15,5,25,209
1422,Product_422,Snacks,643,3.26,9,99,350
1423,Product_423,Dairy,272,4.37,1,8,258
1424,Product_424,Dairy,421,2.27,7,35,283
1425,Product_425,Hygiene,984,4.8,7,133,380
1426,Product_426,Dairy,451,1.1,4,176,1208
1427,Product_427,Food,492,0.96,9,144,779
1428,Product_428,Beverages,539,3.46,5,130,523
1429,Product_429,Beverages,664,4.74,4,104,447
1430,Product_430,Snacks,322,4.14,7,378,689
1431,Product_431,Dairy,575,0.84,4,204,1488
1432,Product_432,Food,208,1.76,3,63,659
1433,Product_433,Snacks,201,4.69,9,297,506
1434,Product_434,Hygiene,669,1.64,8,400,1054
1435,Product_435,Snacks,237,4.02,1,18,404
1436,Product_436,Snacks,862,4.21,7,378,684
1437,Product_437,Dairy,147,2.73,9,216,566
1438,Product_438,Hygiene,180,2.24,8,432,938
1439,Product_439,Snacks,854,2.53,8,416,866
1440,Product_440,Food,220,1.52,6,222,942
1441,Product_441,Food,985,4.5,4,236,691
1442,Product_442,Beverages,232,2.53,8,376,823
1443,Product_443,Hygiene,413,4.47,3,57,393
1444,Product_444,Hygiene,88,0.98,9,144,771
1445,Product_445,Beverages,576,4.95,2,88,569
1446,Product_446,Snacks,937,2.49,2,116,922
1447,Product_447,Hygiene,546,0.72,7,168,1103
1448,Product_448,Food,565,0.67,4,136,1360
1449,Product_449,Food,398,3.86,8,336,630
1450,Product_450,Dairy,970,3.47,9,63,271
1451,Product_451,Hygiene,446,4.11,7,224,533
1452,Product_452,Snacks,771,0.97,5,150,1062
1453,Product_453,Beverages,210,0.66,8,272,1371
1454,Product_454,Beverages,65,2.79,4,68,471
1455,Product_455,Snacks,542,2.24,2,34,526
1456,Product_456,Dairy,475,2.58,6,36,291
1457,Product_457,Beverages,157,4.96,9,369,549
1458,Product_458,Hygiene,943,4.87,1,53,630
1459,Product_459,Dairy,499,4.74,7,294,568
1460,Product_460,Hygiene,360,4.03,9,54,233
1461,Product_461,Food,788,2.1,9,360,833
1462,Product_462,Dairy,219,2.35,3,174,949
1463,Product_463,Beverages,595,2.97,5,150,607
1464,Product_464,Dairy,463,4.24,8,120,359
1465,Product_465,Dairy,300,0.81,8,96,735
1466,Product_466,Dairy,808,2.41,4,192,852
1467,Product_467,Dairy,830,0.87,1,44,1358
1468,Product_468,Hygiene,190,2.82,1,47,779
1469,Product_469,Food,323,4.55,4,104,456
1470,Product_470,Snacks,465,4.02,6,144,466
1471,Product_471,Dairy,657,1.53,8,96,535
1472,Product_472,Beverages,788,4.89,6,198,496
1473,Product_473,Dairy,940,3.5,9,396,677
1474,Product_474,Beverages,88,0.55,9,270,1410
1475,Product_475,Hygiene,863,1.65,2,68,867
1476,Product_476,Beverages,78,1.67,1,21,677
1477,Product_477,Snacks,526,0.81,2,48,1039
1478,Product_478,Food,367,4.82,5,280,651
1479,Product_479,Beverages,294,2.65,4,236,901
1480,Product_480,Beverages,797,4.53,4,80,401
1481,Product_481,Food,746,1.95,9,450,967
1482,Product_482,Snacks,321,1.06,8,376,1272
1483,Product_483,Dairy,489,2.63,6,66,390
1484,Product_484,Beverages,797,1.01,1,20,850
1485,Product_485,Food,288,2.69,2,98,815
1486,Product_486,Hygiene,426,4.64,6,306,633
1487,Product_487,Food,315,2.84,2,104,817
1488,Product_488,Hygiene,975,3.27,5,155,588
1489,Product_489,Snacks,970,1.2,5,285,1316
1490,Product_490,Dairy,408,0.7,6,162,1186
1491,Product_491,Food,389,1.0,6,168,1010
1492,Product_492,Beverages,438,3.19,6,78,385
1493,Product_493,Snacks,626,0.93,2,78,1237
1494,Product_494,Food,738,2.19,3,165,957
1495,Product_495,Beverages,52,2.98,6,144,542
1496,Product_496,Food,478,2.25,8,328,815
1497,Product_497,Hygiene,191,1.24,1,46,1163
1498,Product_498,Food,425,1.73,1,21,665
1499,Product_499,Food,719,4.68,2,102,630
1500,Product_500,Food,373,3.54,6,210,600
1501,Product_501,Snacks,195,2.73,9,531,888
1502,Product_502,Food,342,0.56,4,48,884
1503,Product_503,Beverages,714,4.97,3,57,373
1504,Product_504,Hygiene,481,3.52,8,280,602
1505,Product_505,Hygiene,754,1.93,9,513,1038
1506,Product_506,Food,998,4.46,5,170,527
1507,Product_507,Snacks,634,1.66,9,450,1048
1508,Product_508,Snacks,448,2.95,2,48,544
1509,Product_509,Beverages,866,3.36,3,129,683
1510,Product_510,Food,938,1.49,7,399,1181
1511,Product_511,Hygiene,393,4.9,7,413,662
1512,Product_512,Snacks,189,3.87,6,96,388
1513,Product_513,Food,236,3.01,6,318,801
1514,Product_514,Snacks,854,1.31,2,42,764
1515,Product_515,Snacks,110,0.74,6,276,1506
1516,Product_516,Hygiene,988,1.94,4,136,799
1517,Product_517,Dairy,429,3.89,3,99,556
1518,Product_518,Beverages,759,1.71,2,46,700
1519,Product_519,Beverages,856,2.93,1,50,789
1520,Product_520,Hygiene,489,3.78,5,75,380
1521,Product_521,Snacks,368,0.99,2,76,1183
1522,Product_522,Food,351,3.58,2,108,741
1523,Product_523,Snacks,393,0.91,7,77,664
1524,Product_524,Hygiene,60,4.84,8,384,601
1525,Product_525,Beverages,111,2.7,8,304,716
1526,Product_526,Snacks,894,1.18,4,96,861
1527,Product_527,Beverages,275,2.04,1,54,982
1528,Product_528,Food,202,2.36,7,294,805
1529,Product_529,Beverages,760,3.91,1,28,511
1530,Product_530,Beverages,613,3.85,4,56,364
1531,Product_531,Dairy,821,3.25,8,288,635
1532,Product_532,Dairy,620,0.98,2,112,1444
1533,Product_533,Dairy,633,1.18,6,114,766
1534,Product_534,Beverages,709,0.92,6,246,1275
1535,Product_535,Hygiene,910,3.1,9,216,531
1536,Product_536,Beverages,624,4.45,5,35,239
1537,Product_537,Hygiene,359,2.45,4,164,781
1538,Product_538,Hygiene,934,1.22,5,220,1147
1539,Product_539,Dairy,292,3.01,5,60,381
1540,Product_540,Snacks,542,4.15,8,352,622
1541,Product_541,Food,415,3.84,8,384,675
1542,Product_542,Dairy,379,4.47,2,54,469
1543,Product_543,Dairy,156,1.75,7,308,957
1544,Product_544,Snacks,275,1.37,8,120,632
1545,Product_545,Food,874,4.46,6,300,639
1546,Product_546,Beverages,267,3.46,5,60,355
1547,Product_547,Beverages,986,1.9,9,297,796
1548,Product_548,Dairy,802,3.84,3,102,568
1549,Product_549,Food,555,4.17,4,56,350
1550,Product_550,Dairy,308,3.27,9,387,692
1551,Product_551,Hygiene,937,3.6,6,192,569
1552,Product_552,Dairy,823,2.19,8,424,939
1553,Product_553,Dairy,566,2.92,7,280,707
1554,Product_554,Beverages,822,2.86,2,34,465
1555,Product_555,Beverages,103,4.32,3,108,551
1556,Product_556,Beverages,96,4.28,1,40,584
1557,Product_557,Hygiene,776,4.25,9,369,593
1558,Product_558,Beverages,738,0.55,7,210,1410
1559,Product_559,Food,570,3.87,1,26,495
1560,Product_560,Snacks,148,3.91,3,24,273
1561,Product_561,Food,69,3.55,4,140,599
1562,Product_562,Food,939,3.9,4,88,453
1563,Product_563,Beverages,802,4.29,5,210,597
1564,Product_564,Snacks,622,2.62,3,84,624
1565,Product_565,Snacks,940,2.76,3,81,597
1566,Product_566,Snacks,539,1.06,1,26,946
1567,Product_567,Hygiene,468,2.23,7,42,313
1568,Product_568,Beverages,739,3.4,1,35,612
1569,Product_569,Snacks,899,4.01,2,118,732
1570,Product_570,Hygiene,111,1.48,4,60,608
1571,Product_571,Dairy,194,1.12,4,128,1021
1572,Product_572,Dairy,265,3.48,5,250,724
1573,Product_573,Hygiene,52,0.51,2,72,1605
1574,Product_574,Hygiene,209,1.3,4,36,502
1575,Product_575,Beverages,788,0.63,1,42,1559
1576,Product_576,Beverages,830,1.25,2,28,639
1577,Product_577,Dairy,169,1.32,1,44,1103
1578,Product_578,Snacks,942,2.24,4,200,902
1579,Product_579,Dairy,138,2.31,4,112,665
1580,Product_580,Snacks,378,4.43,7,273,566
1581,Product_581,Snacks,629,2.8,9,432,791
1582,Product_582,Beverages,959,3.76,9,468,710
1583,Product_583,Food,406,0.97,5,135,1007
1584,Product_584,Food,659,1.51,1,21,712
1585,Product_585,Hygiene,316,3.66,1,5,223
1586,Product_586,Beverages,666,0.74,6,354,1705
1587,Product_587,Snacks,372,2.69,2,70,689
1588,Product_588,Food,684,3.2,8,280,631
1589,Product_589,Snacks,590,3.21,9,414,723
1590,Product_590,Food,698,0.6,4,236,1894
1591,Product_591,Food,244,1.95,5,230,927
1592,Product_592,Food,970,3.36,8,456,786
1593,Product_593,Beverages,787,1.17,3,114,1088
1594,Product_594,Dairy,381,3.63,5,65,361
1595,Product_595,Snacks,219,3.86,3,78,495
1596,Product_596,Beverages,570,4.92,3,51,355
1597,Product_597,Beverages,512,1.44,3,87,857
1598,Product_598,Beverages,89,4.21,7,364,671
1599,Product_599,Beverages,586,2.84,7,154,531
1600,Product_600,Beverages,310,2.18,7,385,959
1601,Product_601,Hygiene,444,1.05,8,128,745
1602,Product_602,Snacks,275,3.81,5,220,649
1603,Product_603,Beverages,173,1.56,5,105,700
1604,Product_604,Snacks,87,2.17,4,76,565
1605,Product_605,Hygiene,377,0.78,7,322,1467
1606,Product_606,Hygiene,300,4.11,4,76,410
1607,Product_607,Snacks,950,3.95,2,38,419
1608,Product_608,Food,225,3.8,4,236,752
1609,Product_609,Dairy,651,1.85,8,344,921
1610,Product_610,Food,963,1.28,9,153,696
1611,Product_611,Food,503,3.37,3,63,476
1612,Product_612,Food,86,2.73,7,252,693
1613,Product_613,Beverages,365,1.3,9,117,604
1614,Product_614,Hygiene,737,3.59,4,176,668
1615,Product_615,Food,845,4.96,3,72,420
1616,Product_616,Hygiene,642,3.86,5,150,532
1617,Product_617,Snacks,163,3.83,1,31,543
1618,Product_618,Dairy,89,4.78,3,75,436
1619,Product_619,Snacks,350,1.41,8,176,754
1620,Product_620,Snacks,273,3.04,8,136,451
1621,Product_621,Beverages,367,4.91,4,80,385
1622,Product_622,Dairy,398,1.24,2,26,618
1623,Product_623,Snacks,164,3.65,8,128,400
1624,Product_624,Snacks,747,3.14,8,384,746
1625,Product_625,Dairy,372,3.14,4,168,698
1626,Product_626,Dairy,617,3.64,3,69,480
1627,Product_627,Snacks,89,4.68,2,22,292
1628,Product_628,Dairy,915,4.02,9,351,595
1629,Product_629,Snacks,89,0.75,1,52,1590
1630,Product_630,Snacks,908,4.34,7,154,430
1631,Product_631,Beverages,798,1.51,5,100,695
1632,Product_632,Food,338,2.2,8,472,989
1633,Product_633,Snacks,311,2.58,4,172,779
1634,Product_634,Hygiene,265,2.66,7,56,331
1635,Product_635,Food,196,2.46,5,145,655
1636,Product_636,Food,385,4.72,5,180,527
1637,Product_637,Food,217,3.68,9,396,660
1638,Product_638,Beverages,141,3.34,9,153,431
1639,Product_639,Snacks,402,0.72,9,441,1576
1640,Product_640,Beverages,620,4.57,6,126,409
1641,Product_641,Snacks,620,4.59,6,318,649
1642,Product_642,Beverages,865,4.01,5,205,610
1643,Product_643,Beverages,730,0.53,9,90,829
1644,Product_644,Hygiene,830,0.76,8,184,1051
1645,Product_645,Beverages,412,1.51,7,119,641
1646,Product_646,Dairy,606,1.09,7,210,1002
1647,Product_647,Hygiene,394,2.29,6,108,535
1648,Product_648,Beverages,742,4.65,5,175,524
1649,Product_649,Food,219,2.62,4,232,898
1650,Product_650,Dairy,405,0.56,3,24,722
1651,Product_651,Dairy,240,1.77,3,129,941
1652,Product_652,Dairy,716,0.7,6,72,791
1653,Product_653,Hygiene,471,0.66,4,116,1266
1654,Product_654,Beverages,749,1.74,6,102,597
1655,Product_655,Beverages,56,1.74,3,108,869
1656,Product_656,Food,182,4.04,4,168,615
1657,Product_657,Food,796,4.89,9,378,559
1658,Product_658,Dairy,606,2.17,5,160,733
1659,Product_659,Food,875,2.43,7,399,925
1660,Product_660,Hygiene,810,4.3,2,68,537
1661,Product_661,Beverages,80,1.71,5,35,386
1662,Product_662,Dairy,584,1.2,9,288,986
1663,Product_663,Food,475,4.34,3,21,242
1664,Product_664,Hygiene,443,0.71,9,441,1587
1665,Product_665,Hygiene,721,3.29,6,348,802
1666,Product_666,Food,412,3.03,4,152,676
1667,Product_667,Beverages,486,2.06,7,140,595
1668,Product_668,Food,719,1.92,8,208,703
1669,Product_669,Dairy,600,3.97,6,216,575
1670,Product_670,Food,976,0.89,5,210,1312
1671,Product_671,Hygiene,131,1.57,6,72,528
1672,Product_672,Food,405,3.8,5,295,752
1673,Product_673,Beverages,307,2.97,8,96,384
1674,Product_674,Snacks,767,1.08,1,10,581
1675,Product_675,Food,638,4.47,7,126,383
1676,Product_676,Beverages,573,2.27,2,72,760
1677,Product_677,Beverages,344,4.23,9,351,580
1678,Product_678,Hygiene,273,4.04,1,14,355
1679,Product_679,Beverages,574,3.31,6,42,277
1680,Product_680,Beverages,95,2.73,9,144,462
1681,Product_681,Beverages,716,4.91,1,53,627
1682,Product_682,Beverages,162,1.15,4,140,1053
1683,Product_683,Dairy,282,3.76,4,132,565
1684,Product_684,Dairy,66,1.36,9,81,491
1685,Product_685,Hygiene,409,2.02,5,280,1005
1686,Product_686,Food,272,1.89,5,145,748
1687,Product_687,Beverages,915,4.76,6,270,587
1688,Product_688,Food,749,4.85,1,35,513
1689,Product_689,Food,497,1.32,1,25,831
1690,Product_690,Hygiene,905,0.6,9,216,1208
1691,Product_691,Beverages,414,3.74,3,129,647
1692,Product_692,Beverages,724,2.38,4,104,631
1693,Product_693,Snacks,375,0.9,1,8,569
1694,Product_694,Food,516,3.58,9,153,416
1695,Product_695,Food,463,2.95,8,392,778
1696,Product_696,Dairy,504,4.91,2,92,584
1697,Product_697,Snacks,635,1.52,8,432,1138
1698,Product_698,Dairy,282,2.32,7,371,913
1699,Product_699,Dairy,273,2.94,6,144,545
1700,Product_700,Dairy,880,4.06,1,56,709
1701,Product_701,Hygiene,461,2.97,7,119,457
1702,Product_702,Hygiene,621,3.26,7,147,484
1703,Product_703,Dairy,384,1.52,9,522,1180
1704,Product_704,Snacks,271,4.31,1,40,582
1705,Product_705,Food,86,2.43,2,74,745
1706,Product_706,Snacks,327,1.13,9,45,401
1707,Product_707,Beverages,245,3.49,9,171,445
1708,Product_708,Hygiene,965,1.47,6,102,649
1709,Product_709,Food,913,0.94,6,126,903
1710,Product_710,Food,533,4.38,4,112,483
1711,Product_711,Beverages,291,2.57,4,48,412
1712,Product_712,Beverages,373,3.87,5,270,713
1713,Product_713,Dairy,780,1.81,3,93,790
1714,Product_714,Hygiene,241,4.04,1,49,665
1715,Product_715,Hygiene,66,1.0,1,27,992
1716,Product_716,Snacks,573,2.1,7,350,932
1717,Product_717,Dairy,967,4.9,1,12,298
1718,Product_718,Dairy,450,4.07,1,12,328
1719,Product_719,Dairy,955,2.74,3,90,632
1720,Product_720,Dairy,935,2.03,4,204,957
1721,Product_721,Hygiene,754,4.42,4,68,374
1722,Product_722,Hygiene,71,2.95,2,86,729
1723,Product_723,Dairy,523,3.91,1,41,618
1724,Product_724,Snacks,169,3.89,3,159,705
1725,Product_725,Food,259,0.58,4,128,1419
1726,Product_726,Food,355,1.07,3,87,994
1727,Product_727,Snacks,319,3.47,8,160,458
1728,Product_728,Dairy,753,1.23,1,59,1323
1729,Product_729,Hygiene,736,1.65,2,12,364
1730,Product_730,Food,334,4.76,7,406,666
1731,Product_731,Beverages,765,3.02,4,88,515
1732,Product_732,Beverages,725,3.88,8,168,444
1733,Product_733,Snacks,812,3.01,3,102,642
1734,Product_734,Dairy,276,2.99,6,258,724
1735,Product_735,Food,997,0.92,9,153,821
1736,Product_736,Dairy,430,2.05,1,36,800
1737,Product_737,Food,509,1.77,1,54,1055
1738,Product_738,Snacks,56,2.26,8,264,730
1739,Product_739,Snacks,78,4.09,3,150,667
1740,Product_740,Beverages,956,2.17,5,170,756
1741,Product_741,Dairy,82,2.53,1,22,563
1742,Product_742,Beverages,695,2.29,5,85,520
1743,Product_743,Dairy,928,0.92,6,282,1365
1744,Product_744,Beverages,128,2.48,8,200,606
1745,Product_745,Hygiene,977,1.38,3,102,948
1746,Product_746,Hygiene,996,1.34,3,75,825
1747,Product_747,Hygiene,508,0.92,9,468,1436
1748,Product_748,Hygiene,619,2.11,4,236,1010
1749,Product_749,Food,587,3.91,4,84,442
1750,Product_750,Hygiene,531,1.74,7,308,960
1751,Product_751,Snacks,479,1.91,2,46,662
1752,Product_752,Snacks,787,3.39,8,448,776
1753,Product_753,Food,334,1.38,6,114,708
1754,Product_754,Hygiene,565,4.54,3,39,323
1755,Product_755,Hygiene,148,2.84,9,504,848
1756,Product_756,Hygiene,446,2.51,5,70,451
1757,Product_757,Beverages,538,3.01,8,384,762
1758,Product_758,Dairy,88,1.25,7,245,1010
1759,Product_759,Beverages,320,3.26,8,456,798
1760,Product_760,Dairy,936,2.13,7,189,680
1761,Product_761,Hygiene,846,4.54,3,168,670
1762,Product_762,Hygiene,206,1.26,2,68,992
1763,Product_763,Beverages,124,2.78,7,259,696
1764,Product_764,Beverages,933,3.19,3,168,800
1765,Product_765,Dairy,849,0.65,3,39,854
1766,Product_766,Snacks,179,2.14,2,116,994
1767,Product_767,Dairy,736,3.8,4,204,699
1768,Product_768,Beverages,133,4.19,8,40,208
1769,Product_769,Beverages,71,1.91,1,48,957
1770,Product_770,Food,508,4.09,1,39,589
1771,Product_771,Beverages,588,4.85,5,75,335
1772,Product_772,Food,756,4.36,5,190,564
1773,Product_773,Snacks,898,1.03,1,20,841
1774,Product_774,Dairy,431,3.83,6,78,351
1775,Product_775,Dairy,797,1.94,1,36,822
1776,Product_776,Food,489,4.95,5,95,374
1777,Product_777,Dairy,653,2.68,9,144,466
1778,Product_778,Beverages,70,1.05,5,185,1134
1779,Product_779,Hygiene,352,3.76,6,294,689
1780,Product_780,Food,918,1.95,8,144,580
1781,Product_781,Dairy,133,4.99,1,12,296
1782,Product_782,Food,823,4.91,2,24,298
1783,Product_783,Food,708,3.45,9,279,572
1784,Product_784,Hygiene,502,1.08,3,48,735
1785,Product_785,Beverages,436,3.59,6,30,225
1786,Product_786,Food,556,0.92,5,235,1365
1787,Product_787,Dairy,306,0.63,2,88,1596
1788,Product_788,Snacks,619,4.2,7,322,632
1789,Product_789,Food,941,1.44,4,220,1180
1790,Product_790,Food,983,2.21,1,15,497
1791,Product_791,Hygiene,576,4.88,4,172,567
1792,Product_792,Beverages,211,2.02,6,282,921
1793,Product_793,Snacks,212,1.83,7,245,835
1794,Product_794,Dairy,881,4.63,7,147,406
1795,Product_795,Snacks,842,1.0,7,259,1162
1796,Product_796,Dairy,841,3.92,3,108,578
1797,Product_797,Beverages,573,4.95,6,198,493
1798,Product_798,Dairy,835,4.56,8,200,447
1799,Product_799,Hygiene,320,3.43,4,100,515
1800,Product_800,Hygiene,541,1.91,8,352,916
1801,Product_801,Hygiene,257,1.64,2,54,775
1802,Product_802,Hygiene,588,4.19,9,90,295
1803,Product_803,Snacks,633,4.46,9,234,461
1804,Product_804,Beverages,109,2.86,8,432,830
1805,Product_805,Dairy,479,1.6,1,42,978
1806,Product_806,Dairy,706,1.01,2,82,1217
1807,Product_807,Hygiene,654,0.89,6,294,1417
1808,Product_808,Hygiene,358,3.74,5,275,732
1809,Product_809,Food,569,2.39,9,522,941
1810,Product_810,Beverages,640,4.57,5,60,309
1811,Product_811,Snacks,76,3.83,2,90,654
1812,Product_812,Dairy,735,1.36,4,212,1192
1813,Product_813,Food,611,3.26,9,351,660
1814,Product_814,Food,248,2.46,1,55,903
1815,Product_815,Dairy,436,3.1,1,15,420
1816,Product_816,Snacks,398,3.82,7,196,517
1817,Product_817,Food,989,4.13,3,159,684
1818,Product_818,Food,742,4.3,2,50,460
1819,Product_819,Beverages,585,1.64,9,495,1106
1820,Product_820,Snacks,877,0.64,3,18,584
1821,Product_821,Food,427,3.83,2,88,647
1822,Product_822,Snacks,948,0.98,8,184,925
1823,Product_823,Dairy,965,1.92,6,258,904
1824,Product_824,Hygiene,607,0.52,6,192,1498
1825,Product_825,Food,576,3.57,7,147,463
1826,Product_826,Beverages,202,1.25,7,70,540
1827,Product_827,Dairy,783,3.45,6,138,493
1828,Product_828,Snacks,255,4.96,4,168,555
1829,Product_829,Dairy,504,0.83,9,288,1186
1830,Product_830,Food,322,0.85,6,36,507
1831,Product_831,Snacks,943,2.03,4,168,869
1832,Product_832,Hygiene,285,4.4,3,177,699
1833,Product_833,Dairy,901,1.47,4,164,1008
1834,Product_834,Food,789,2.12,3,165,973
1835,Product_835,Beverages,570,0.81,2,112,1588
1836,Product_836,Snacks,727,3.93,5,40,272
1837,Product_837,Dairy,993,2.34,2,52,636
1838,Product_838,Dairy,880,3.92,6,180,528
1839,Product_839,Hygiene,775,4.57,3,159,650
1840,Product_840,Hygiene,550,1.55,6,282,1052
1841,Product_841,Beverages,166,4.13,9,360,594
1842,Product_842,Beverages,435,0.77,1,17,897
1843,Product_843,Food,393,4.54,6,336,670
1844,Product_844,Food,633,3.43,9,324,618
1845,Product_845,Beverages,444,4.43,4,84,415
1846,Product_846,Beverages,113,0.5,2,90,1812
1847,Product_847,Snacks,766,1.26,4,160,1076
1848,Product_848,Hygiene,770,2.25,1,59,978
1849,Product_849,Food,121,2.21,3,150,908
1850,Product_850,Hygiene,838,1.52,9,207,743
1851,Product_851,Hygiene,323,2.22,5,195,800
1852,Product_852,Beverages,369,1.08,6,300,1299
1853,Product_853,Snacks,387,2.36,3,132,824
1854,Product_854,Dairy,415,4.11,5,160,533
1855,Product_855,Snacks,544,2.66,8,40,261
1856,Product_856,Snacks,656,0.58,6,276,1701
1857,Product_857,Hygiene,215,2.4,4,88,578
1858,Product_858,Snacks,593,0.62,2,104,1749
1859,Product_859,Food,60,4.85,9,396,575
1860,Product_860,Hygiene,350,1.07,1,37,1123
1861,Product_861,Food,778,3.68,1,16,398
1862,Product_862,Dairy,850,4.88,4,48,299
1863,Product_863,Hygiene,151,4.22,7,196,492
1864,Product_864,Dairy,474,3.65,1,20,447
1865,Product_865,Hygiene,441,4.28,9,486,678
1866,Product_866,Beverages,828,4.92,4,32,243
1867,Product_867,Snacks,263,3.3,3,126,681
1868,Product_868,Beverages,740,3.02,1,48,761
1869,Product_869,Dairy,137,3.33,4,124,582
1870,Product_870,Snacks,602,2.9,9,117,404
1871,Product_871,Hygiene,450,3.36,6,306,744
1872,Product_872,Snacks,637,2.52,6,120,538
1873,Product_873,Food,938,1.48,1,16,628
1874,Product_874,Snacks,95,1.04,2,70,1108
1875,Product_875,Food,721,0.81,6,168,1123
1876,Product_876,Snacks,512,1.68,2,118,1132
1877,Product_877,Food,641,0.71,3,54,961
1878,Product_878,Dairy,359,3.05,4,196,765
1879,Product_879,Beverages,135,1.78,5,145,771
1880,Product_880,Hygiene,141,4.21,9,342,573
1881,Product_881,Snacks,709,0.83,4,28,554
1882,Product_882,Beverages,722,1.52,9,252,819
1883,Product_883,Hygiene,763,3.79,3,174,747
1884,Product_884,Hygiene,985,3.19,8,368,725
1885,Product_885,Food,977,0.79,1,13,775
1886,Product_886,Dairy,291,4.45,9,270,496
1887,Product_887,Dairy,914,4.45,9,216,443
1888,Product_888,Beverages,51,1.99,2,88,898
1889,Product_889,Dairy,274,2.03,4,56,501
1890,Product_890,Snacks,850,4.95,8,184,411
1891,Product_891,Dairy,794,3.32,7,49,277
1892,Product_892,Beverages,975,2.89,1,28,594
1893,Product_893,Dairy,978,4.27,5,45,277
1894,Product_894,Snacks,638,1.78,7,49,378
1895,Product_895,Food,165,2.43,4,124,682
1896,Product_896,Beverages,715,1.7,1,20,655
1897,Product_897,Food,967,4.05,9,477,691
1898,Product_898,Food,152,3.08,5,95,474
1899,Product_899,Food,243,3.46,2,78,641
1900,Product_900,Hygiene,215,1.64,8,128,596
1901,Product_901,Hygiene,920,1.49,2,90,1049
1902,Product_902,Food,139,2.7,3,171,877
1903,Product_903,Beverages,735,3.82,1,48,677
1904,Product_904,Snacks,171,2.86,2,60,618
1905,Product_905,Snacks,192,0.65,7,357,1692
1906,Product_906,Dairy,155,4.41,2,76,560
1907,Product_907,Beverages,936,0.79,6,162,1116
1908,Product_908,Hygiene,477,4.8,3,105,515
1909,Product_909,Food,354,0.61,4,216,1797
1910,Product_910,Dairy,921,3.63,8,192,491
1911,Product_911,Snacks,366,0.87,3,48,819
1912,Product_912,Hygiene,684,4.6,6,162,462
1913,Product_913,Hygiene,951,2.59,1,8,335
1914,Product_914,Food,58,1.12,7,189,938
1915,Product_915,Snacks,823,2.03,8,416,966
1916,Product_916,Beverages,122,1.24,8,472,1317
1917,Product_917,Hygiene,408,1.27,3,156,1222
1918,Product_918,Food,272,4.77,1,5,195
1919,Product_919,Beverages,465,2.5,9,522,920
1920,Product_920,Snacks,602,4.05,6,174,511
1921,Product_921,Hygiene,419,3.38,9,54,254
1922,Product_922,Beverages,765,3.54,7,238,592
1923,Product_923,Beverages,313,1.09,1,7,484
1924,Product_924,Beverages,889,1.55,1,25,767
1925,Product_925,Hygiene,739,4.04,6,174,511
1926,Product_926,Hygiene,909,4.87,5,120,424
1927,Product_927,Dairy,367,1.68,9,477,1073
1928,Product_928,Snacks,133,1.72,2,112,1090
1929,Product_929,Food,367,2.63,8,208,600
1930,Product_930,Beverages,160,4.93,5,125,430
1931,Product_931,Dairy,300,1.71,2,74,888
1932,Product_932,Food,432,2.33,6,336,936
1933,Product_933,Dairy,56,4.51,8,336,583
1934,Product_934,Hygiene,508,0.51,4,76,1166
1935,Product_935,Beverages,133,0.68,2,100,1638
1936,Product_936,Food,257,3.22,5,280,796
1937,Product_937,Food,949,4.58,2,38,389
1938,Product_938,Food,439,1.57,2,100,1078
1939,Product_939,Food,363,2.61,6,174,636
1940,Product_940,Food,71,2.53,9,225,600
1941,Product_941,Dairy,459,2.63,4,112,623
1942,Product_942,Beverages,944,3.3,6,54,315
1943,Product_943,Hygiene,564,2.61,7,70,373
1944,Product_944,Hygiene,176,2.51,6,318,877
1945,Product_945,Hygiene,858,2.63,8,376,807
1946,Product_946,Hygiene,749,3.16,4,208,775
1947,Product_947,Dairy,923,2.92,1,48,774
1948,Product_948,Snacks,63,4.34,7,357,654
1949,Product_949,Beverages,61,0.72,3,81,1169
1950,Product_950,Food,136,4.25,6,48,262
1951,Product_951,Snacks,573,4.3,2,62,512
1952,Product_952,Hygiene,958,1.78,9,198,671
1953,Product_953,Snacks,586,2.58,1,25,594
1954,Product_954,Beverages,350,2.47,6,192,687
1955,Product_955,Food,292,1.48,6,234,980
1956,Product_956,Food,171,2.29,5,130,643
1957,Product_957,Beverages,196,0.7,5,220,1514
1958,Product_958,Beverages,616,1.75,1,27,750
1959,Product_959,Hygiene,799,4.18,5,35,247
1960,Product_960,Food,405,1.78,2,88,949
1961,Product_961,Snacks,734,4.18,7,378,686
1962,Product_962,Dairy,953,2.89,3,42,420
1963,Product_963,Dairy,782,4.46,4,116,487
1964,Product_964,Beverages,680,3.09,3,168,813
1965,Product_965,Hygiene,358,0.63,3,159,1752
1966,Product_966,Dairy,744,3.54,4,48,351
1967,Product_967,Food,337,0.7,5,295,1753
1968,Product_968,Beverages,356,2.53,1,15,465
1969,Product_969,Snacks,861,4.68,4,36,264
1970,Product_970,Beverages,643,1.24,8,392,1200
1971,Product_971,Snacks,963,2.25,7,399,961
1972,Product_972,Beverages,772,3.78,9,531,754
1973,Product_973,Beverages,711,4.47,5,205,578
1974,Product_974,Beverages,598,3.52,4,196,712
1975,Product_975,Snacks,401,1.66,8,336,960
1976,Product_976,Snacks,361,3.54,9,297,583
1977,Product_977,Beverages,922,1.84,7,63,422
1978,Product_978,Dairy,108,3.73,7,91,356
1979,Product_979,Hygiene,692,4.79,5,260,629
1980,Product_980,Hygiene,973,3.75,4,24,241
1981,Product_981,Hygiene,763,4.38,1,5,204
1982,Product_982,Snacks,804,0.51,7,308,1774
1983,Product_983,Snacks,84,3.73,1,55,733
1984,Product_984,Dairy,494,4.23,1,34,541
1985,Product_985,Hygiene,142,0.68,5,75,897
1986,Product_986,Hygiene,999,4.42,9,288,514
1987,Product_987,Beverages,256,1.66,6,288,1027
1988,Product_988,Snacks,402,3.49,3,48,409
1989,Product_989,Hygiene,952,4.1,3,129,618
1990,Product_990,Dairy,381,3.48,7,210,560
1991,Product_991,Dairy,866,0.92,6,102,821
1992,Product_992,Hygiene,911,3.18,9,108,371
1993,Product_993,Snacks,774,2.97,6,348,844
1994,Product_994,Dairy,208,4.55,5,160,506
1995,Product_995,Beverages,73,2.32,7,238,731
1996,Product_996,Dairy,453,1.94,1,13,494
1997,Product_997,Food,854,3.87,7,301,636
1998,Product_998,Food,565,2.36,3,105,735
1999,Product_999,Snacks,781,3.41,9,225,517
2000,Product_1000,Hygiene,413,3.41,6,306,738
